1,3,Question 9,Cash Budget preparation - Mock 2024 Section 3,,25,Budgeting - Cash,Medium,mock,,2024-01-24T15:00:00
2,4,Question 9,Cash Budget preparation - State 2023 Section 2,https://www.examinations.ie/archive/exampapers/2023/LC032ALP000EV.pdf#page=10,25,Budgeting - Cash,Medium,state,,2024-01-24T15:00:00
3,6,Question 9,Cash Budget preparation - Mock 2023 Section 3,,25,Budgeting - Cash,Medium,mock,,2024-01-24T15:00:00
4,5,Question 9,Cash Budget preparation - Deferred 2023 Section 3,https://www.examinations.ie/archive/exampapers/2023/LC032ALP000EV.pdf#page=15,25,Budgeting - Cash,Medium,state,,2024-01-24T15:00:00
5,9,Question 9,Cash Budget preparation - Mock 2022 Section 3,,25,Budgeting - Cash,Medium,mock,,2024-01-24T15:00:00
6,8,Question 9,Cash Budget preparation - Deferred 2022 Section 3,https://www.examinations.ie/archive/exampapers/2022/LC032ALP000EV.pdf#page=15,25,Budgeting - Cash,Medium,state,,2024-01-24T15:00:00
7,10,Question 9,Cash Budget preparation - Mock 2021 Section 3,,25,Budgeting - Cash,Medium,mock,,2024-01-24T15:00:00
8,12,Question 9,Cash Budget preparation - Mock 2020 Section 3,,25,Budgeting - Cash,Medium,mock,,2024-01-24T15:00:00
9,11,Question 9,Cash Budget preparation - State 2020 Section C,https://www.examinations.ie/archive/exampapers/2020/LC032ALP000EV.pdf#page=15,25,Budgeting - Cash,Medium,state,,2024-01-24T15:00:00
10,14,Question 9,Cash Budget preparation - Mock 2019 Section 3,,25,Budgeting - Cash,Medium,mock,,2024-01-24T15:00:00
11,15,Question 9,Cash Budget preparation - Mock 2018 Section 3,,25,Budgeting - Cash,Medium,mock,,2024-01-24T15:00:00
12,18,Question 9,Cash Budget preparation - State 2016 Section 1,https://www.examinations.ie/archive/exampapers/2016/LC032ALP000EV.pdf#page=5,25,Budgeting - Cash,Medium,state,,2024-01-24T15:00:00
13,19,Question 9,Cash Budget preparation - Mock 2015 Section 3,,25,Budgeting - Cash,Medium,mock,,2024-01-24T15:00:00
14,19,Question 9,Cash Budget preparation - State 2015 Section 3,https://www.examinations.ie/archive/exampapers/2015/LC032ALP000EV.pdf#page=15,25,Budgeting - Cash,Medium,state,,2024-01-24T15:00:00
15,22,Question 9,Cash Budget preparation - State 2013 Section 3,https://www.examinations.ie/archive/exampapers/2013/LC032ALP000EV.pdf#page=15,25,Budgeting - Cash,Medium,state,,2024-01-24T15:00:00
16,25,Question 9,Cash Budget preparation - Mock 2012 Section 3,,25,Budgeting - Cash,Medium,mock,,2024-01-24T15:00:00
17,24,Question 9,Cash Budget preparation - State 2012 Section 3,https://www.examinations.ie/archive/exampapers/2012/LC032ALP000EV.pdf#page=15,25,Budgeting - Cash,Medium,state,,2024-01-24T15:00:00
18,27,Question 9,Cash Budget preparation - State 2010 Section 3,https://www.examinations.ie/archive/exampapers/2010/LC032ALP000EV.pdf#page=15,25,Budgeting - Cash,Medium,state,,2024-01-24T15:00:00
19,29,Question 9,Cash Budget preparation - Mock 2009 Section 3,,25,Budgeting - Cash,Medium,mock,,2024-01-24T15:00:00
20,28,Question 9,Cash Budget preparation - State 2009 Section 3,https://www.examinations.ie/archive/exampapers/2009/LC032ALP000EV.pdf#page=15,25,Budgeting - Cash,Medium,state,,2024-01-24T15:00:00
21,31,Question 9,Cash Budget preparation - State 2007 Section 3,https://www.examinations.ie/archive/exampapers/2007/LC032ALP000EV.pdf#page=15,25,Budgeting - Cash,Medium,state,,2024-01-24T15:00:00
22,2,Question 9,Cash Budget preparation - State 2024 Section 3,https://www.examinations.ie/archive/exampapers/2024/LC032ALP000EV.pdf#page=15,25,Budgeting - Cash,Medium,state,,2024-01-24T15:00:00
23,6,Question 8 Part B,Flexible Budget analysis - Mock 2023 Section 3,,20,Budgeting - Flexible,Hard,mock,,2024-01-24T15:00:00
24,20,Question 8 Part B,Flexible Budget analysis - State 2014 Section 3,https://www.examinations.ie/archive/exampapers/2014/LC032ALP000EV.pdf#page=15,20,Budgeting - Flexible,Hard,state,,2024-01-24T15:00:00
25,2,Question 8,Flexible Budget analysis - State 2024 Section 3,https://www.examinations.ie/archive/exampapers/2024/LC032ALP000EV.pdf#page=15,25,Budgeting - Flexible,Hard,state,,2024-01-24T15:00:00
26,10,Question 9,Flexible Budget analysis - State 2021 Section 3,https://www.examinations.ie/archive/exampapers/2021/LC032ALP000EV.pdf#page=15,25,Budgeting - Flexible,Hard,state,,2024-01-24T15:00:00
27,15,Question 9,Flexible Budget analysis - State 2018 Section 3,https://www.examinations.ie/archive/exampapers/2018/LC032ALP000EV.pdf#page=15,25,Budgeting - Flexible,Hard,state,,2024-01-24T15:00:00
28,19,Question 8 Part B,Flexible Budget analysis - State 2015 Section 3,https://www.examinations.ie/archive/exampapers/2015/LC032ALP000EV.pdf#page=15,20,Budgeting - Flexible,Hard,state,,2024-01-24T15:00:00
29,24,Question 8 Part B,Flexible Budget analysis - State 2012 Section 3,https://www.examinations.ie/archive/exampapers/2012/LC032ALP000EV.pdf#page=15,20,Budgeting - Flexible,Hard,state,,2024-01-24T15:00:00
30,30,Question 8 Part B,Flexible Budget analysis - State 2008 Section 3,https://www.examinations.ie/archive/exampapers/2008/LC032ALP000EV.pdf#page=15,20,Budgeting - Flexible,Hard,state,,2024-01-24T15:00:00
31,32,Question 9,Flexible Budget analysis - State 2006 Section 3,https://www.examinations.ie/archive/exampapers/2006/LC032ALP000EV.pdf#page=15,25,Budgeting - Flexible,Hard,state,,2024-01-24T15:00:00
32,1,Question 9,Production Budget preparation - Mock 2025 Section 3,,25,Budgeting - Production,Medium,mock,,2024-01-24T15:00:00
33,9,Question 9,Production Budget preparation - Mock 2022 Section 3,,25,Budgeting - Production,Medium,mock,,2024-01-24T15:00:00
34,17,Question 9,Production Budget preparation - Mock 2017 Section 3,,25,Budgeting - Production,Medium,mock,,2024-01-24T15:00:00
35,21,Question 9,Production Budget preparation - Mock 2014 Section 3,,25,Budgeting - Production,Medium,mock,,2024-01-24T15:00:00
36,23,Question 9,Production Budget preparation - Mock 2013 Section 3,,25,Budgeting - Production,Medium,mock,,2024-01-24T15:00:00
37,1,Question 9,Production Budget preparation - State 2025 Section 3,https://www.examinations.ie/archive/exampapers/2025/LC032ALP000EV.pdf#page=15,25,Budgeting - Production,Medium,state,,2024-01-24T15:00:00
38,2,Question 9,Production Budget preparation - State 2024 Section 3,https://www.examinations.ie/archive/exampapers/2024/LC032ALP000EV.pdf#page=15,25,Budgeting - Production,Medium,state,,2024-01-24T15:00:00
39,7,Question 9,Production Budget preparation - State 2022 Section 3,https://www.examinations.ie/archive/exampapers/2022/LC032ALP000EV.pdf#page=15,25,Budgeting - Production,Medium,state,,2024-01-24T15:00:00
40,11,Question 9,Production Budget preparation - State 2020 Section C,https://www.examinations.ie/archive/exampapers/2020/LC032ALP000EV.pdf#page=15,25,Budgeting - Production,Medium,state,,2024-01-24T15:00:00
41,13,Question 9,Production Budget preparation - State 2019 Section 3,https://www.examinations.ie/archive/exampapers/2019/LC032ALP000EV.pdf#page=15,25,Budgeting - Production,Medium,state,,2024-01-24T15:00:00
42,16,Question 9,Production Budget preparation - State 2017 Section 3,https://www.examinations.ie/archive/exampapers/2017/LC032ALP000EV.pdf#page=15,25,Budgeting - Production,Medium,state,,2024-01-24T15:00:00
43,20,Question 9,Production Budget preparation - State 2014 Section 3,https://www.examinations.ie/archive/exampapers/2014/LC032ALP000EV.pdf#page=15,25,Budgeting - Production,Medium,state,,2024-01-24T15:00:00
44,26,Question 9,Production Budget preparation - State 2011 Section 3,https://www.examinations.ie/archive/exampapers/2011/LC032ALP000EV.pdf#page=15,25,Budgeting - Production,Medium,state,,2024-01-24T15:00:00
45,30,Question 9,Production Budget preparation - State 2008 Section 3,https://www.examinations.ie/archive/exampapers/2008/LC032ALP000EV.pdf#page=15,25,Budgeting - Production,Medium,state,,2024-01-24T15:00:00
46,33,Question 9,Production Budget preparation - State 2005 Section 3,https://www.examinations.ie/archive/exampapers/2005/LC032ALP000EV.pdf#page=15,25,Budgeting - Production,Medium,state,,2024-01-24T15:00:00
47,1,Question 4,Cash Flow Statement preparation - Mock 2025 Section 1,,30,Cash Flow Statements,Hard,mock,,2024-01-24T15:00:00
48,3,Question 7,Cash Flow Statement preparation - Mock 2024 Section 2,,30,Cash Flow Statements,Hard,mock,,2024-01-24T15:00:00
49,9,Question 4,Cash Flow Statement preparation - Mock 2022 Section 1,,30,Cash Flow Statements,Hard,mock,,2024-01-24T15:00:00
50,10,Question 4,Cash Flow Statement preparation - Mock 2021 Section 1,,30,Cash Flow Statements,Hard,mock,,2024-01-24T15:00:00
51,14,Question 6,Cash Flow Statement preparation - Mock 2019 Section 2,,30,Cash Flow Statements,Hard,mock,,2024-01-24T15:00:00
52,17,Question 6,Cash Flow Statement preparation - Mock 2017 Section 2,,30,Cash Flow Statements,Hard,mock,,2024-01-24T15:00:00
53,21,Question 4,Cash Flow Statement preparation - Mock 2014 Section 1,,30,Cash Flow Statements,Hard,mock,,2024-01-24T15:00:00
54,2,Question 6,Cash Flow Statement preparation - State 2024 Section 2,https://www.examinations.ie/archive/exampapers/2024/LC032ALP000EV.pdf#page=10,30,Cash Flow Statements,Hard,state,,2024-01-24T15:00:00
55,5,Question 7,Cash Flow Statement preparation - Deferred 2023 Section 2,https://www.examinations.ie/archive/exampapers/2023/LC032ALP000EV.pdf#page=10,30,Cash Flow Statements,Hard,state,,2024-01-24T15:00:00
56,7,Question 2,Cash Flow Statement preparation - State 2022 Section 1,https://www.examinations.ie/archive/exampapers/2022/LC032ALP000EV.pdf#page=5,30,Cash Flow Statements,Hard,state,,2024-01-24T15:00:00
57,10,Question 7,Cash Flow Statement preparation - State 2021 Section 2,https://www.examinations.ie/archive/exampapers/2021/LC032ALP000EV.pdf#page=10,30,Cash Flow Statements,Hard,state,,2024-01-24T15:00:00
58,13,Question 7,Cash Flow Statement preparation - State 2019 Section 2,https://www.examinations.ie/archive/exampapers/2019/LC032ALP000EV.pdf#page=10,30,Cash Flow Statements,Hard,state,,2024-01-24T15:00:00
59,16,Question 2,Cash Flow Statement preparation - State 2017 Section 1,https://www.examinations.ie/archive/exampapers/2017/LC032ALP000EV.pdf#page=5,30,Cash Flow Statements,Hard,state,,2024-01-24T15:00:00
60,19,Question 6,Cash Flow Statement preparation - State 2015 Section 2,https://www.examinations.ie/archive/exampapers/2015/LC032ALP000EV.pdf#page=10,30,Cash Flow Statements,Hard,state,,2024-01-24T15:00:00
61,20,Question 2,Cash Flow Statement preparation - State 2014 Section 1,https://www.examinations.ie/archive/exampapers/2014/LC032ALP000EV.pdf#page=5,30,Cash Flow Statements,Hard,state,,2024-01-24T15:00:00
62,24,Question 7,Cash Flow Statement preparation - State 2012 Section 2,https://www.examinations.ie/archive/exampapers/2012/LC032ALP000EV.pdf#page=10,30,Cash Flow Statements,Hard,state,,2024-01-24T15:00:00
63,27,Question 2,Cash Flow Statement preparation - State 2010 Section 1,https://www.examinations.ie/archive/exampapers/2010/LC032ALP000EV.pdf#page=5,30,Cash Flow Statements,Hard,state,,2024-01-24T15:00:00
64,30,Question 6,Cash Flow Statement preparation - State 2008 Section 2,https://www.examinations.ie/archive/exampapers/2008/LC032ALP000EV.pdf#page=10,30,Cash Flow Statements,Hard,state,,2024-01-24T15:00:00
65,32,Question 3,Cash Flow Statement preparation - State 2006 Section 1,https://www.examinations.ie/archive/exampapers/2006/LC032ALP000EV.pdf#page=5,30,Cash Flow Statements,Hard,state,,2024-01-24T15:00:00
66,1,Question 3,Club Accounts preparation - Mock 2025 Section 1,,25,Club Accounts,Medium,mock,,2024-01-24T15:00:00
67,9,Question 3,Club Accounts preparation - Mock 2022 Section 1,,25,Club Accounts,Medium,mock,,2024-01-24T15:00:00
68,14,Question 3,Club Accounts preparation - Mock 2019 Section 1,,25,Club Accounts,Medium,mock,,2024-01-24T15:00:00
69,7,Question 7,Club Accounts preparation - State 2022 Section 2,https://www.examinations.ie/archive/exampapers/2022/LC032ALP000EV.pdf#page=10,25,Club Accounts,Medium,state,,2024-01-24T15:00:00
70,8,Question 6,Club Accounts preparation - Deferred 2022 Section 2,https://www.examinations.ie/archive/exampapers/2022/LC032ALP000EV.pdf#page=10,25,Club Accounts,Medium,state,,2024-01-24T15:00:00
71,13,Question 6,Club Accounts preparation - State 2019 Section 2,https://www.examinations.ie/archive/exampapers/2019/LC032ALP000EV.pdf#page=10,25,Club Accounts,Medium,state,,2024-01-24T15:00:00
72,18,Question 3,Club Accounts preparation - State 2016 Section 1,https://www.examinations.ie/archive/exampapers/2016/LC032ALP000EV.pdf#page=5,25,Club Accounts,Medium,state,,2024-01-24T15:00:00
73,22,Question 4,Club Accounts preparation - State 2013 Section 1,https://www.examinations.ie/archive/exampapers/2013/LC032ALP000EV.pdf#page=5,25,Club Accounts,Medium,state,,2024-01-24T15:00:00
